id,exam_id,hall_id,student_id
1a095124-9ad7-4f2c-bf72-da26f2c29cf9,04037601-38b8-467d-b7f4-516868138317,dfe2a109-78f0-40c5-8083-3027a21420b0,de25fcb5-fff4-43be-a460-469616004daa
bb5c5e4f-81f0-4376-9213-22110ef9150a,04037601-38b8-467d-b7f4-516868138317,dfe2a109-78f0-40c5-8083-3027a21420b0,f8348d45-962e-4b51-9927-2dca16b4a95d
ad2507f7-a823-42d5-b51e-1c5eb6e888f3,04037601-38b8-467d-b7f4-516868138317,dfe2a109-78f0-40c5-8083-3027a21420b0,18a0057e-0c44-46b3-97a1-d698b2ff51c8
39f2196b-b387-4519-be63-c09b22d21946,04037601-38b8-467d-b7f4-516868138317,dfe2a109-78f0-40c5-8083-3027a21420b0,bbe15406-29df-4029-b414-b4297a741f9e
f4cb530a-bf30-480f-9f79-c1d8f5a9f228,04037601-38b8-467d-b7f4-516868138317,dfe2a109-78f0-40c5-8083-3027a21420b0,1d4bcdda-b250-4868-8503-84a9fdaa3444
2b26f0c3-2182-4e0e-b0b4-20e6b9b1ff3f,04037601-38b8-467d-b7f4-516868138317,dfe2a109-78f0-40c5-8083-3027a21420b0,7481774a-9e66-4b05-8170-502aac3f8971
1c6bd26c-9367-4bbc-9574-1218b6c52628,04037601-38b8-467d-b7f4-516868138317,dfe2a109-78f0-40c5-8083-3027a21420b0,636ab3d3-85d8-481e-9b08-7c2313948c35
bd9eedaa-04d7-41a7-9fda-2bd2384a6352,04037601-38b8-467d-b7f4-516868138317,dfe2a109-78f0-40c5-8083-3027a21420b0,5297fe32-77c3-4af6-babf-7ef286070b36
401a62d0-4a60-4ea7-b088-0d9b7f62450d,04037601-38b8-467d-b7f4-516868138317,dfe2a109-78f0-40c5-8083-3027a21420b0,9b39a534-2496-4466-8adf-34c1f99adfad
2876f8b3-08a0-43e2-a9b0-b10ade9f0328,04037601-38b8-467d-b7f4-516868138317,dfe2a109-78f0-40c5-8083-3027a21420b0,6e7eaf53-7e91-4cba-90c6-b73973349a60
2866949b-862d-4d83-9b54-9c73b14d64b6,04037601-38b8-467d-b7f4-516868138317,dfe2a109-78f0-40c5-8083-3027a21420b0,439ec98f-9ac7-4185-b35d-90479aea672f
c7da2686-405a-4d5d-bb29-3f99489953b8,04037601-38b8-467d-b7f4-516868138317,dfe2a109-78f0-40c5-8083-3027a21420b0,6d6edbf2-9f89-44b2-a0dc-1f2bd42aecf6
c1779e1d-abf7-42c1-bf62-913e95fe1ab2,04037601-38b8-467d-b7f4-516868138317,dfe2a109-78f0-40c5-8083-3027a21420b0,3ab71388-431a-49e0-89b6-a8879b71df11
0cff0bfd-5fd3-4ab2-9e4b-127ae4b94e8e,04037601-38b8-467d-b7f4-516868138317,dfe2a109-78f0-40c5-8083-3027a21420b0,de3996a8-2f5e-4666-9668-1eb267410139
c5991d3f-6911-4eb0-b7cb-7088ea250f8a,04037601-38b8-467d-b7f4-516868138317,dfe2a109-78f0-40c5-8083-3027a21420b0,4c547ce5-0281-4bf3-b899-8ac309bf1bcb
a82ce424-94be-4de2-a4b4-24aaafda7fec,04037601-38b8-467d-b7f4-516868138317,dfe2a109-78f0-40c5-8083-3027a21420b0,e164e85a-befd-483b-9870-5758d04cb0fe
ff162a69-e3e9-4581-8544-d234258ffb18,04037601-38b8-467d-b7f4-516868138317,dfe2a109-78f0-40c5-8083-3027a21420b0,fd6932ff-3a1b-46ec-b72c-a66714a78723
39f3817f-e8e9-4822-aca4-a43d91e09d55,04037601-38b8-467d-b7f4-516868138317,dfe2a109-78f0-40c5-8083-3027a21420b0,fd4f2860-b8e8-4a5e-94ae-1de6da7757a9
3d253a16-73b5-4c72-8675-f71e9ff0084f,04037601-38b8-467d-b7f4-516868138317,dfe2a109-78f0-40c5-8083-3027a21420b0,b7ff9fab-e228-4fdd-8104-aef9e3ac1634
f659c21b-f2c2-4d99-afee-5c08bc27fd4d,04037601-38b8-467d-b7f4-516868138317,dfe2a109-78f0-40c5-8083-3027a21420b0,e04fd91a-99ae-46de-9553-67fb997525f3
a680d16b-c149-4d88-8e53-c6978997f116,04037601-38b8-467d-b7f4-516868138317,dfe2a109-78f0-40c5-8083-3027a21420b0,6dc96bf4-ff91-4835-8543-6825e34b2524
768d24ea-09cc-4b51-80a9-0ccc4065f5c5,04037601-38b8-467d-b7f4-516868138317,dfe2a109-78f0-40c5-8083-3027a21420b0,42ed2b3e-5f12-4e69-923b-9f7a6b23ff1a
3960658e-2ac2-4e07-819a-41336ad9e572,04037601-38b8-467d-b7f4-516868138317,dfe2a109-78f0-40c5-8083-3027a21420b0,339fe088-dca1-4a7f-85fb-00b92f787480
d050113d-c4ed-4618-b903-65a61181e03e,04037601-38b8-467d-b7f4-516868138317,dfe2a109-78f0-40c5-8083-3027a21420b0,6e10520e-1ba7-4679-9505-7675d62b1530
a621e46a-b74c-40f8-bd63-b8860b2f07d4,04037601-38b8-467d-b7f4-516868138317,dfe2a109-78f0-40c5-8083-3027a21420b0,fc276467-6706-41aa-a3f6-bdbfc3637c49
6ebfb6d9-872d-4dea-96e0-6f9c49dc9e44,04037601-38b8-467d-b7f4-516868138317,dfe2a109-78f0-40c5-8083-3027a21420b0,c6e48bd2-08ba-47d7-84ef-9c749eac24ef
a5e6663f-7d0b-4832-9f75-2f65fe5274c5,04037601-38b8-467d-b7f4-516868138317,dfe2a109-78f0-40c5-8083-3027a21420b0,05303aa9-1b19-477b-b8f8-82509f939d39
d024080d-b177-4da6-b877-8fd543c87b18,04037601-38b8-467d-b7f4-516868138317,dfe2a109-78f0-40c5-8083-3027a21420b0,dc0e7f27-3c85-4560-9da4-130c664ae026
7a4b0349-b129-43ea-a344-4f10e8a57728,04037601-38b8-467d-b7f4-516868138317,dfe2a109-78f0-40c5-8083-3027a21420b0,31225812-d34a-46c1-b9f3-8faa89e5e1f9
ea7b94d8-bb3b-4f68-a0df-e9a727978001,04037601-38b8-467d-b7f4-516868138317,dfe2a109-78f0-40c5-8083-3027a21420b0,2c520dd3-fa2a-4617-906d-9071c0479ab4
1dd352b9-19ac-41b3-9932-cf7e3ea75689,04037601-38b8-467d-b7f4-516868138317,dfe2a109-78f0-40c5-8083-3027a21420b0,f3f741db-015f-4a3b-aa83-832530114883
114dbae8-b82b-4e8f-bb6f-00a833568f2e,04037601-38b8-467d-b7f4-516868138317,dfe2a109-78f0-40c5-8083-3027a21420b0,6094db13-8c33-4e72-ac39-a8b1e6dbc197
c2a0ce7f-2c16-4939-95e9-ab6f71480f6a,04037601-38b8-467d-b7f4-516868138317,dfe2a109-78f0-40c5-8083-3027a21420b0,b1ba8a93-dbcc-418d-b165-7f5350f6c53d
a35fc0ff-2062-4c7d-a922-be6692f7addb,04037601-38b8-467d-b7f4-516868138317,dfe2a109-78f0-40c5-8083-3027a21420b0,84f56706-424a-4c48-a995-153c33bb7f77
fed2019f-0f3f-4d06-96f1-06ea26d8158c,04037601-38b8-467d-b7f4-516868138317,dfe2a109-78f0-40c5-8083-3027a21420b0,4e6b027b-1df0-485e-bba2-5596bb8a4559
6a1520ee-612d-47f6-adc5-279ffcd523e1,04037601-38b8-467d-b7f4-516868138317,dfe2a109-78f0-40c5-8083-3027a21420b0,c30471ad-ca37-48df-8fef-67638c5c4dc1
5835221b-cd3d-43e5-a5a1-5e71088b8d33,04037601-38b8-467d-b7f4-516868138317,dfe2a109-78f0-40c5-8083-3027a21420b0,bca0b308-6e96-4d96-b035-39b53ddf5f48
da7338e2-2f33-4f86-aeb8-2ed266ba7686,04037601-38b8-467d-b7f4-516868138317,dfe2a109-78f0-40c5-8083-3027a21420b0,e3612b42-b01f-4d84-bd19-f73f5fb8d6b6
ff6e7259-f150-4442-a18b-550710572623,04037601-38b8-467d-b7f4-516868138317,dfe2a109-78f0-40c5-8083-3027a21420b0,46b72216-a3e5-48de-ae24-273dd604fc30
64365c2c-584c-46fd-afd9-d93537aaf7ae,04037601-38b8-467d-b7f4-516868138317,dfe2a109-78f0-40c5-8083-3027a21420b0,87da1021-5fd0-4b5d-b2f1-ea60bd32c3fe
25cdbbee-bf62-4a0b-94c2-c8b3db357d0c,04037601-38b8-467d-b7f4-516868138317,dfe2a109-78f0-40c5-8083-3027a21420b0,c48a8ff6-d48e-459e-9e54-c4da75f8f883
615e8a9b-694d-4d9f-b355-86a556985f1d,04037601-38b8-467d-b7f4-516868138317,dfe2a109-78f0-40c5-8083-3027a21420b0,da1f3e1e-fc38-4745-8ce2-18e4bcdae74e
7fff5ee0-0773-4cd9-914c-4c058bd3b759,04037601-38b8-467d-b7f4-516868138317,dfe2a109-78f0-40c5-8083-3027a21420b0,d5da713d-c64e-481a-a360-ad8fd0256b9a
3de7ee68-a20b-489f-b825-5b7825bc7efb,04037601-38b8-467d-b7f4-516868138317,dfe2a109-78f0-40c5-8083-3027a21420b0,da16311d-452c-40d8-b104-bfeb75b0a76b
4fcaf33f-5822-4dd4-a5c6-6caf170e1c3a,04037601-38b8-467d-b7f4-516868138317,dfe2a109-78f0-40c5-8083-3027a21420b0,bebec0d8-15cf-4ee2-afea-806b31d50ab5
de56a6d5-12b8-4a47-be53-0fa8a67c1c2f,04037601-38b8-467d-b7f4-516868138317,dfe2a109-78f0-40c5-8083-3027a21420b0,e3f4b0a2-2725-4528-8428-ab93ea068a6a
42c5a76a-088a-4064-a953-24a3e906c64b,04037601-38b8-467d-b7f4-516868138317,dfe2a109-78f0-40c5-8083-3027a21420b0,f6d57f13-2925-47ef-810c-0258b7b87a9b
2b902c59-c319-453f-9f7d-f733cab5c7d9,04037601-38b8-467d-b7f4-516868138317,dfe2a109-78f0-40c5-8083-3027a21420b0,4de11c73-6190-4667-a3c6-da6d3c721976
d6897c74-edb3-48a7-b250-04f13241e04e,04037601-38b8-467d-b7f4-516868138317,dfe2a109-78f0-40c5-8083-3027a21420b0,452c7720-1577-4f12-9a1b-45b349c34b48
3ada2875-180b-4d04-8d3e-3a542d588944,04037601-38b8-467d-b7f4-516868138317,dfe2a109-78f0-40c5-8083-3027a21420b0,52f85025-a75f-4096-af46-24c18765cf88
89392b40-8b16-4da0-9c6f-dbae6b2e3fb6,04037601-38b8-467d-b7f4-516868138317,dfe2a109-78f0-40c5-8083-3027a21420b0,8b0dde03-4dc1-4dd2-9436-478a18d7e144
1ca4106e-d081-4b6c-8d9b-75b63f6641d0,04037601-38b8-467d-b7f4-516868138317,dfe2a109-78f0-40c5-8083-3027a21420b0,b8b35cf8-17c0-47ad-b516-408e40576d42
346e13b4-67ec-49aa-8b6c-4917b8559dc8,04037601-38b8-467d-b7f4-516868138317,dfe2a109-78f0-40c5-8083-3027a21420b0,4d51761a-83ac-40ec-84d7-a492116a676e
4588d601-2148-42be-98df-379928a672dd,04037601-38b8-467d-b7f4-516868138317,dfe2a109-78f0-40c5-8083-3027a21420b0,3a97e325-cd3a-480a-8dc7-547aab908cad
8a468679-692b-4884-a54a-730f3c11c12d,04037601-38b8-467d-b7f4-516868138317,dfe2a109-78f0-40c5-8083-3027a21420b0,0a8417be-6b6c-423c-b7f3-7719e278a6f3
c7a9c7c2-f932-4367-951d-67d85a1f6308,04037601-38b8-467d-b7f4-516868138317,dfe2a109-78f0-40c5-8083-3027a21420b0,1d81e2f7-d106-44c5-bf37-55580e4f484d
ed3196f6-77f3-4ec5-883a-6911ffdcf66a,04037601-38b8-467d-b7f4-516868138317,dfe2a109-78f0-40c5-8083-3027a21420b0,8f4e4ec2-041b-4105-8cf7-a4ee960fd1be
368df572-ab8f-4e7e-a0a3-e6b3ffade2a3,04037601-38b8-467d-b7f4-516868138317,dfe2a109-78f0-40c5-8083-3027a21420b0,178d5941-fb62-4af5-bc5c-82ed151686c9
cb1da20f-a6c5-43fd-9ca6-97ada63be9d3,04037601-38b8-467d-b7f4-516868138317,dfe2a109-78f0-40c5-8083-3027a21420b0,c531482a-22eb-470d-b197-4f848f28b8d0
b9b760c6-b4fd-4724-9fd7-e7f3eb9951a6,04037601-38b8-467d-b7f4-516868138317,dfe2a109-78f0-40c5-8083-3027a21420b0,166f2227-2c23-4e59-8288-80900713b534
826f359e-b471-4557-b0f5-63a218b45239,04037601-38b8-467d-b7f4-516868138317,a0c782f1-a4f8-4ba5-8788-3b72f528e08c,a373ee3e-0cb7-4e5e-ae9d-2b01c83cef28
6ff77506-d171-4ba9-a6d8-eef40b9c6638,04037601-38b8-467d-b7f4-516868138317,a0c782f1-a4f8-4ba5-8788-3b72f528e08c,5bf31886-400a-45c6-a6b3-e891f42af07c
208d93c5-1f9c-46a5-888d-2e5193fe9a90,04037601-38b8-467d-b7f4-516868138317,a0c782f1-a4f8-4ba5-8788-3b72f528e08c,6a7f0a89-8d04-4c5e-a0ae-45d911476803
fc4f90c6-42a6-46e0-8010-fd949eb3b1fa,04037601-38b8-467d-b7f4-516868138317,a0c782f1-a4f8-4ba5-8788-3b72f528e08c,20e2fcd0-a8c8-490c-8800-f50755d541fb
1995b7c8-61b8-43ed-be47-4508566bf714,04037601-38b8-467d-b7f4-516868138317,a0c782f1-a4f8-4ba5-8788-3b72f528e08c,8a50242d-74d1-4c2c-99cb-bed38ed4e1b9
71ba1031-c0b8-4868-9908-ba1fd1ab5e09,04037601-38b8-467d-b7f4-516868138317,a0c782f1-a4f8-4ba5-8788-3b72f528e08c,94672220-ee3e-43a2-992a-e2c471c00416
6c1d2f20-c17d-44be-acdc-ecda291e6b5d,04037601-38b8-467d-b7f4-516868138317,a0c782f1-a4f8-4ba5-8788-3b72f528e08c,189fb982-51fb-4072-a24a-0539509ccc1f
7e3b111a-1fbf-4cee-9615-ad73d4a80fc7,04037601-38b8-467d-b7f4-516868138317,a0c782f1-a4f8-4ba5-8788-3b72f528e08c,314070c9-f620-4075-b8b1-a6587a48de05
4e6ff917-3c07-4d6a-8765-279b984b6c85,04037601-38b8-467d-b7f4-516868138317,a0c782f1-a4f8-4ba5-8788-3b72f528e08c,773a1683-df5f-48ce-ae72-b6a88ed46983
dfb803bd-5015-43df-8105-34d1641b4999,04037601-38b8-467d-b7f4-516868138317,a0c782f1-a4f8-4ba5-8788-3b72f528e08c,2df78e68-7b0e-438c-a891-41aa17c13c73
db83df5f-5193-4057-8c44-13ae7a5b3227,04037601-38b8-467d-b7f4-516868138317,a0c782f1-a4f8-4ba5-8788-3b72f528e08c,bb72de8b-835a-4a44-bc25-249aba13382a
849112c9-c77e-45c9-9bd4-2804daeac0b6,04037601-38b8-467d-b7f4-516868138317,a0c782f1-a4f8-4ba5-8788-3b72f528e08c,06341934-8b85-4810-a7c5-6a7457725beb
e618eec8-87f2-4b41-953d-544c92a524e4,04037601-38b8-467d-b7f4-516868138317,a0c782f1-a4f8-4ba5-8788-3b72f528e08c,89b4baa5-011f-4b47-b2a4-2bc0798752f9
b3f2cc6f-fcba-4360-9c38-09e9ffbcdc44,04037601-38b8-467d-b7f4-516868138317,a0c782f1-a4f8-4ba5-8788-3b72f528e08c,d6039b23-6331-49dc-89e1-a8673b831ad1
856eca61-daa6-4378-beaf-2622d936ddb5,04037601-38b8-467d-b7f4-516868138317,a0c782f1-a4f8-4ba5-8788-3b72f528e08c,2fac9b93-7e63-4765-828d-72284170a1b9
f72d8cda-e9d2-410c-8d3d-0674be587e85,04037601-38b8-467d-b7f4-516868138317,a0c782f1-a4f8-4ba5-8788-3b72f528e08c,acd92e87-24be-4166-9cac-de48392c0233
6918c23a-dae7-4109-be80-f17f700ad791,04037601-38b8-467d-b7f4-516868138317,a0c782f1-a4f8-4ba5-8788-3b72f528e08c,b91d3fa3-b14e-4e46-9078-e0aec8bab279
df4eb6e2-1a45-420c-90ba-96b5c54a0a50,04037601-38b8-467d-b7f4-516868138317,a0c782f1-a4f8-4ba5-8788-3b72f528e08c,434bde70-2696-47e2-9206-c895f1b458f7
000c03ef-3130-4571-8311-ba2c6a8243ee,04037601-38b8-467d-b7f4-516868138317,a0c782f1-a4f8-4ba5-8788-3b72f528e08c,e44e7f15-044c-4014-a973-5ae0e1ce3cf4
4562817a-ab26-4543-a97b-2a8993ac2298,04037601-38b8-467d-b7f4-516868138317,a0c782f1-a4f8-4ba5-8788-3b72f528e08c,41355158-4374-495a-92e9-a5a042cfa282
74fba04b-cc32-4a97-bf5f-5a72ce3bc03b,04037601-38b8-467d-b7f4-516868138317,a0c782f1-a4f8-4ba5-8788-3b72f528e08c,9e2957df-5f37-4308-91a9-4d90d3cb4c38
8060cc95-275f-4287-a8a4-3054a0242166,04037601-38b8-467d-b7f4-516868138317,a0c782f1-a4f8-4ba5-8788-3b72f528e08c,da26a9c3-0479-49e3-aaf4-3d1ea23e33f7
8447a685-a4ae-47e6-a05d-226a78f8f008,04037601-38b8-467d-b7f4-516868138317,a0c782f1-a4f8-4ba5-8788-3b72f528e08c,d0f2cc26-85d0-4044-8f0b-86e5d4f639f8
3a0099a8-a4ad-4eae-83c5-40903cc71dc0,04037601-38b8-467d-b7f4-516868138317,a0c782f1-a4f8-4ba5-8788-3b72f528e08c,c7bf2374-f9f2-4dc4-be3d-2ede3663ac06
578e111a-d6d6-4938-a434-00369c96cc4a,04037601-38b8-467d-b7f4-516868138317,a0c782f1-a4f8-4ba5-8788-3b72f528e08c,65f85e9d-c747-4e11-aa75-0abdf7ade7cd
e5228d0a-2af9-4c4f-9803-0b14107137fc,04037601-38b8-467d-b7f4-516868138317,a0c782f1-a4f8-4ba5-8788-3b72f528e08c,795b2618-71cc-4cde-9d1e-111558d69d13
cfbd54b2-d60e-4f39-b8a2-960679b86dbf,04037601-38b8-467d-b7f4-516868138317,a0c782f1-a4f8-4ba5-8788-3b72f528e08c,ecca97a7-2d49-4bb6-b7fe-80c268681380
5caa9a4d-2247-4d27-bfa7-382c4306aba9,04037601-38b8-467d-b7f4-516868138317,a0c782f1-a4f8-4ba5-8788-3b72f528e08c,35847870-dcbd-4812-aecc-5e60ef07aef7
77f79f70-914c-4f5f-9021-ad22c80bde25,04037601-38b8-467d-b7f4-516868138317,a0c782f1-a4f8-4ba5-8788-3b72f528e08c,6409f3ae-64f6-432b-98bb-ed42bec97648
2326d236-e518-4061-9913-bc7b4e2bdde0,04037601-38b8-467d-b7f4-516868138317,a0c782f1-a4f8-4ba5-8788-3b72f528e08c,a2542db3-ea04-426e-b043-d3a1e7d8f3a8
259a37ec-eb6a-44f5-b81b-537ec272d42d,04037601-38b8-467d-b7f4-516868138317,a0c782f1-a4f8-4ba5-8788-3b72f528e08c,44a0c410-db80-4f24-a13a-c24d88d1f637
fceb190a-7eab-4097-80d9-9c0c71cd9f25,04037601-38b8-467d-b7f4-516868138317,a0c782f1-a4f8-4ba5-8788-3b72f528e08c,7dcf9ebc-b14e-4b2b-9d66-45d831337fde
7cd12dff-e6e5-4f9b-80d4-516726a221b1,04037601-38b8-467d-b7f4-516868138317,a0c782f1-a4f8-4ba5-8788-3b72f528e08c,673ba91f-e667-43c8-9c8c-3bf1321ea26d
f7687c36-21ce-496c-b65e-ea253a81763e,04037601-38b8-467d-b7f4-516868138317,a0c782f1-a4f8-4ba5-8788-3b72f528e08c,0aa73d4b-cfd1-4ac3-9d2a-a314aa06936e
1419c72d-cd9e-4698-afb6-4eb56773b330,04037601-38b8-467d-b7f4-516868138317,a0c782f1-a4f8-4ba5-8788-3b72f528e08c,238c28e0-5c57-4bf4-a4b6-25ac15f511c9
c67628c6-42e9-442c-8057-10b60bcfb988,04037601-38b8-467d-b7f4-516868138317,a0c782f1-a4f8-4ba5-8788-3b72f528e08c,f547f818-f6e8-48ca-b758-b845a223cf81
85f38580-8d89-4b5f-9db0-5d07e449aee5,04037601-38b8-467d-b7f4-516868138317,a0c782f1-a4f8-4ba5-8788-3b72f528e08c,3b27cb7e-db1c-4d97-a717-fbaa42e0f874
521954b4-4af9-4902-a87b-6214a3a113f3,04037601-38b8-467d-b7f4-516868138317,a0c782f1-a4f8-4ba5-8788-3b72f528e08c,4536c710-42d1-4834-a710-62034189bf9a
37ffc677-ab75-498f-a71a-6d46b632f814,04037601-38b8-467d-b7f4-516868138317,a0c782f1-a4f8-4ba5-8788-3b72f528e08c,316217cf-05eb-4976-bfc2-d45a4562b7da
77a92b20-963a-429b-9c58-3e4259021351,04037601-38b8-467d-b7f4-516868138317,a0c782f1-a4f8-4ba5-8788-3b72f528e08c,86d37fe2-6a85-4c4a-bc46-53a1af7f81d6
e98fa2af-14e9-42af-bb7f-f9a076f9cc85,04037601-38b8-467d-b7f4-516868138317,a0c782f1-a4f8-4ba5-8788-3b72f528e08c,3d6251bb-461b-4534-b103-b43e532a6cec
a3400889-db36-4f56-bfd9-98ca17c1495d,04037601-38b8-467d-b7f4-516868138317,a0c782f1-a4f8-4ba5-8788-3b72f528e08c,5bdf2bf0-417a-41bf-90cd-394394c15821
4cb51550-31a3-490d-9f39-29cf711b4b84,04037601-38b8-467d-b7f4-516868138317,a0c782f1-a4f8-4ba5-8788-3b72f528e08c,f659992a-93c5-4332-9e0c-e9ccabc6da98
3b449625-8198-4a75-bfff-24143aca258a,04037601-38b8-467d-b7f4-516868138317,a0c782f1-a4f8-4ba5-8788-3b72f528e08c,3e0cbdd3-ad2b-4b15-88d0-ed5c88a7c491
ffbee178-e8a0-4843-85a2-74ac09852927,04037601-38b8-467d-b7f4-516868138317,a0c782f1-a4f8-4ba5-8788-3b72f528e08c,8895beaf-6f5b-4aa2-bbf0-e142f3e3c51e
9bd4e62b-1bce-4be2-b5fc-b1eebccb7063,04037601-38b8-467d-b7f4-516868138317,a0c782f1-a4f8-4ba5-8788-3b72f528e08c,9018a9e4-38be-4a4b-865a-c88ce3b7c2f1
e3bef62b-bbdc-4e8f-b001-2fe2f315ac30,04037601-38b8-467d-b7f4-516868138317,a0c782f1-a4f8-4ba5-8788-3b72f528e08c,86911105-7f69-4991-8664-82d0cbf941c4
aeb9f8f7-722c-4b5f-88a8-48885d976240,04037601-38b8-467d-b7f4-516868138317,a0c782f1-a4f8-4ba5-8788-3b72f528e08c,f149580b-31f6-459c-831d-27b12840c952
592c4d82-7f4e-4733-ad24-b8f5e9549944,04037601-38b8-467d-b7f4-516868138317,a0c782f1-a4f8-4ba5-8788-3b72f528e08c,667ae8b9-124a-48c9-9dd7-aff512db635f
6f2be823-915f-4e97-9444-34e125b53819,04037601-38b8-467d-b7f4-516868138317,a0c782f1-a4f8-4ba5-8788-3b72f528e08c,62311d84-2cec-4063-8ff7-05bc51ccdbdb
15b940ce-0e44-4ae4-8232-453b3a170647,04037601-38b8-467d-b7f4-516868138317,d2b2b4ec-9a27-42d4-92c4-3e0e16e8a0d5,8176c8f7-598a-4fbf-9992-435a801be944
f5446ce8-7a56-46df-b488-1c41d4eb3c97,04037601-38b8-467d-b7f4-516868138317,d2b2b4ec-9a27-42d4-92c4-3e0e16e8a0d5,3bf633fb-1c93-47f2-8682-85ef33597445
f3eebb9a-da1a-443e-a655-7ea29492d074,04037601-38b8-467d-b7f4-516868138317,d2b2b4ec-9a27-42d4-92c4-3e0e16e8a0d5,82442645-2e92-4bee-9ba9-ad0e11f7a58a
54413980-6054-48ec-b22b-11d2eec9a05b,04037601-38b8-467d-b7f4-516868138317,d2b2b4ec-9a27-42d4-92c4-3e0e16e8a0d5,c73ed10e-5b89-4983-9b58-dde787fd2782
589c12de-d256-4c40-8060-c0e9aeab701e,04037601-38b8-467d-b7f4-516868138317,d2b2b4ec-9a27-42d4-92c4-3e0e16e8a0d5,e77540f8-374f-402d-848f-3fea2931bf6f
0480503d-6c81-42b0-b130-c3c609eaebec,04037601-38b8-467d-b7f4-516868138317,d2b2b4ec-9a27-42d4-92c4-3e0e16e8a0d5,a93d5e36-98de-444a-b139-943b7bd995ea
2fab1db3-6f74-4ca2-b56c-8c2cb2e30e41,04037601-38b8-467d-b7f4-516868138317,d2b2b4ec-9a27-42d4-92c4-3e0e16e8a0d5,9801d39a-3c5b-4fd3-8811-540c3f8fe2b1
58711010-8263-4de3-a4dd-49464369f839,04037601-38b8-467d-b7f4-516868138317,d2b2b4ec-9a27-42d4-92c4-3e0e16e8a0d5,250f82bb-b9ce-46a9-a189-6deba349ec34
50eb35ae-e2df-42c5-90f4-f5610750d3f5,04037601-38b8-467d-b7f4-516868138317,d2b2b4ec-9a27-42d4-92c4-3e0e16e8a0d5,fbd58e8c-747e-4d52-b8bd-cfc60aac1d56
0f9431d0-6cf1-4b54-8d48-57ed562d4ef3,04037601-38b8-467d-b7f4-516868138317,d2b2b4ec-9a27-42d4-92c4-3e0e16e8a0d5,87e2e4ea-c4c8-4b15-8185-dc97cc0de05c
d2d809a0-dcba-4aab-a212-184437b7b58d,04037601-38b8-467d-b7f4-516868138317,d2b2b4ec-9a27-42d4-92c4-3e0e16e8a0d5,5cb0356c-2727-40ff-94c0-b72c040b658e
edc52cc8-9ed0-44cb-a1af-28ed9e09f8b3,04037601-38b8-467d-b7f4-516868138317,d2b2b4ec-9a27-42d4-92c4-3e0e16e8a0d5,89a96733-f821-43f3-b4c0-320fabc13edd
3b3dff3a-773b-4d43-b0a0-9a0273db4083,04037601-38b8-467d-b7f4-516868138317,d2b2b4ec-9a27-42d4-92c4-3e0e16e8a0d5,a6e6e5c4-7459-45ca-9363-e77eaf20a139
f318ae20-c8e6-4ff9-9d50-13eca346f39c,04037601-38b8-467d-b7f4-516868138317,d2b2b4ec-9a27-42d4-92c4-3e0e16e8a0d5,868b2e5a-d631-4778-aba7-4e8e4fb939b2
e5ecc253-23e2-4783-bc0f-d14bef1076ca,04037601-38b8-467d-b7f4-516868138317,d2b2b4ec-9a27-42d4-92c4-3e0e16e8a0d5,789c82d5-a999-4f4c-938f-5899301203bb
375c9257-4cca-4ae1-bbca-57d6350ef80c,04037601-38b8-467d-b7f4-516868138317,d2b2b4ec-9a27-42d4-92c4-3e0e16e8a0d5,b2d0a402-a300-4656-80ff-4b7d16e5d464
23f6eaed-dba2-4f2a-8c1c-723b5229891b,04037601-38b8-467d-b7f4-516868138317,d2b2b4ec-9a27-42d4-92c4-3e0e16e8a0d5,66f214fc-3285-4f6b-86ee-7e867fdaa255
33075c53-9c5c-420b-9b5c-d00be1f2ff35,04037601-38b8-467d-b7f4-516868138317,d2b2b4ec-9a27-42d4-92c4-3e0e16e8a0d5,aa1e8c8c-ec74-4a58-b310-625ac0103baf
5c81f3c7-fbd9-4295-a405-708383f9a8c0,04037601-38b8-467d-b7f4-516868138317,d2b2b4ec-9a27-42d4-92c4-3e0e16e8a0d5,df1ebae0-4a1c-46fb-9fa8-4f5dfe53a270
4cc54a4e-8d6e-49a5-965c-e427a638ff92,04037601-38b8-467d-b7f4-516868138317,d2b2b4ec-9a27-42d4-92c4-3e0e16e8a0d5,f0764ed8-7bb0-49ed-828d-72c12312c44a
0514c462-bbac-48ba-82d3-5e7a38331d23,04037601-38b8-467d-b7f4-516868138317,d2b2b4ec-9a27-42d4-92c4-3e0e16e8a0d5,1798541d-098d-4e57-b36d-27c074b77a45
6ea10591-63b5-4a70-82b9-88c311c1ad52,04037601-38b8-467d-b7f4-516868138317,d2b2b4ec-9a27-42d4-92c4-3e0e16e8a0d5,692f2645-aa69-4f8a-a973-7950a78f442d
196240d5-aa14-412b-acb3-b58073bedd37,04037601-38b8-467d-b7f4-516868138317,d2b2b4ec-9a27-42d4-92c4-3e0e16e8a0d5,0c6c75ba-3fee-4971-8538-dbbdc2b58afb
6d8059d4-ed5e-4ac4-8172-dbc2feb81641,04037601-38b8-467d-b7f4-516868138317,d2b2b4ec-9a27-42d4-92c4-3e0e16e8a0d5,923709f1-80e8-4bb8-92f4-f838ff4f5207
1b74e764-b992-4f3c-9dc0-5af78e0a5b89,04037601-38b8-467d-b7f4-516868138317,d2b2b4ec-9a27-42d4-92c4-3e0e16e8a0d5,6e01d74d-ddef-47da-b30a-e30c8c724e10
0f0ace46-2ab4-4577-b2dd-5cc864089b94,04037601-38b8-467d-b7f4-516868138317,d2b2b4ec-9a27-42d4-92c4-3e0e16e8a0d5,28d154d2-1ecf-4149-ab47-3430a5b2684f
8ec92e98-ee57-48d1-ac49-84d3942de9ac,04037601-38b8-467d-b7f4-516868138317,d2b2b4ec-9a27-42d4-92c4-3e0e16e8a0d5,675ce96c-3d09-4553-9c44-6e795defa37c
4e20d8d7-ef24-43de-b173-1ef54df22eb1,04037601-38b8-467d-b7f4-516868138317,d2b2b4ec-9a27-42d4-92c4-3e0e16e8a0d5,55a1b436-4df3-410d-b113-667316fe238c
73e216b2-ebbf-4acf-a8b5-4bd4e5a5ac8e,04037601-38b8-467d-b7f4-516868138317,d2b2b4ec-9a27-42d4-92c4-3e0e16e8a0d5,a4cefb35-6365-4b4b-b260-a76f4a4711a2
d8711db2-2c39-4d69-a581-bdfe2055709b,04037601-38b8-467d-b7f4-516868138317,d2b2b4ec-9a27-42d4-92c4-3e0e16e8a0d5,30360310-6f9e-48eb-b261-e52de25a763d
59c8f5bd-0305-414f-9a59-8aed9480ac77,04037601-38b8-467d-b7f4-516868138317,d26e217f-0d2b-49f7-8df8-f6a1b0fab1f1,a6705eb3-eb4e-44a7-b8e2-5d001fec3395
19f81c6f-5b9e-4512-9877-d4a0033aa598,04037601-38b8-467d-b7f4-516868138317,d26e217f-0d2b-49f7-8df8-f6a1b0fab1f1,c152f992-b464-4dae-8899-fd56cd6e81f0
aacbeaec-c6b9-4d75-8994-9165eb27c097,04037601-38b8-467d-b7f4-516868138317,d26e217f-0d2b-49f7-8df8-f6a1b0fab1f1,929e8247-5e10-4489-83b1-3d76066f4f35
c98b131c-e714-46a1-8c27-bababab2b7f7,04037601-38b8-467d-b7f4-516868138317,d26e217f-0d2b-49f7-8df8-f6a1b0fab1f1,a51dbd78-e8bf-4b0a-96e2-14a16279915f
16e9c932-8da0-4b55-9503-01243e4f141d,04037601-38b8-467d-b7f4-516868138317,d26e217f-0d2b-49f7-8df8-f6a1b0fab1f1,11af7d3e-63a2-4642-b8f6-bbba3defe0f7
7bbf7300-0fef-46f7-9855-39f11b722d7d,04037601-38b8-467d-b7f4-516868138317,d26e217f-0d2b-49f7-8df8-f6a1b0fab1f1,e53a2450-8508-47bc-a795-97f3f5db31b3
449dbb5b-cd59-4597-b62c-bc25ef7ef86d,04037601-38b8-467d-b7f4-516868138317,d26e217f-0d2b-49f7-8df8-f6a1b0fab1f1,784f9be3-211a-4158-92d3-d7d7dfbb8526
5d62c7a1-e2a1-4167-ad85-96e86378ad1b,04037601-38b8-467d-b7f4-516868138317,d26e217f-0d2b-49f7-8df8-f6a1b0fab1f1,373497ea-e620-4da9-98a5-095a3952ccaa
212ee57b-f414-4e0f-8de0-692c37b9afee,04037601-38b8-467d-b7f4-516868138317,d26e217f-0d2b-49f7-8df8-f6a1b0fab1f1,dee688d9-1be8-4d76-bd9c-ae6042c72a28
1dc54306-68a9-4573-a7e5-9c17cf33cb51,04037601-38b8-467d-b7f4-516868138317,d26e217f-0d2b-49f7-8df8-f6a1b0fab1f1,c331ca5e-f604-4aef-992f-f97dbb7fa04a
be4c0174-6c63-4313-8375-edc702212944,04037601-38b8-467d-b7f4-516868138317,d26e217f-0d2b-49f7-8df8-f6a1b0fab1f1,6159f3e6-394b-4273-a774-427acc3f1532
1410c3fa-ae53-4222-89cb-a6cf98065d1c,04037601-38b8-467d-b7f4-516868138317,d26e217f-0d2b-49f7-8df8-f6a1b0fab1f1,ccc8f282-338f-4c39-bb72-758088f747ae
d1b40847-d21b-46a9-962f-5aef4937301f,04037601-38b8-467d-b7f4-516868138317,d26e217f-0d2b-49f7-8df8-f6a1b0fab1f1,5a9dd783-8a77-4e57-9106-772f3900a5db
cce213b9-0eb3-470e-a972-a2b39b87b2a3,04037601-38b8-467d-b7f4-516868138317,d26e217f-0d2b-49f7-8df8-f6a1b0fab1f1,ee37dc58-52d4-4ff8-a5f7-e0b1d4c1759d
28e5f245-e1d5-43d7-bbcc-70db2c090b53,04037601-38b8-467d-b7f4-516868138317,d26e217f-0d2b-49f7-8df8-f6a1b0fab1f1,85698ab6-efb0-4dcb-832f-4c1e36bf66c2
af347d97-57ca-427b-b2d5-9baa5c81efb7,04037601-38b8-467d-b7f4-516868138317,d26e217f-0d2b-49f7-8df8-f6a1b0fab1f1,f06e9624-b42b-4f9b-86aa-d4e20b3f5233
3fd7fafa-5674-4265-bb0b-8d2bcda17946,04037601-38b8-467d-b7f4-516868138317,d26e217f-0d2b-49f7-8df8-f6a1b0fab1f1,482115a6-1441-4422-bb44-0ff4163ed14b
a3d1bc12-dcef-41df-a4ff-fd8dead6cd74,04037601-38b8-467d-b7f4-516868138317,d26e217f-0d2b-49f7-8df8-f6a1b0fab1f1,c6eba3d5-7b01-4ffb-a8ca-7b818e7c009f
516d5e80-f2ac-4a98-91ed-96d0a2c115cf,04037601-38b8-467d-b7f4-516868138317,d26e217f-0d2b-49f7-8df8-f6a1b0fab1f1,dd0cd006-0d39-40eb-8693-6f9eb11e9784
e9fee509-95c4-4412-99a1-03723908262f,04037601-38b8-467d-b7f4-516868138317,d26e217f-0d2b-49f7-8df8-f6a1b0fab1f1,19f0f355-0ded-49f7-a18f-e10966c55a62
b3327bde-596d-412e-bfef-e8ca8faa3b3b,04037601-38b8-467d-b7f4-516868138317,d26e217f-0d2b-49f7-8df8-f6a1b0fab1f1,1e37c1bf-4f0d-45c7-b564-e47d90463439
24023178-ed81-4aa6-a2dc-73807a85e22b,04037601-38b8-467d-b7f4-516868138317,d26e217f-0d2b-49f7-8df8-f6a1b0fab1f1,81c542c6-2f23-4d4c-be82-53234472e8e1
2d7a332d-a1f1-481a-b7f8-fae5eaa72b5c,04037601-38b8-467d-b7f4-516868138317,d26e217f-0d2b-49f7-8df8-f6a1b0fab1f1,0b8811df-a8e6-47cc-a7a2-8269e56fc157
470a8c7f-0934-4cb4-b3d1-59d7daa325ec,04037601-38b8-467d-b7f4-516868138317,d26e217f-0d2b-49f7-8df8-f6a1b0fab1f1,98c48727-6010-45c1-b765-4f908a0efdbe
22097d5c-4b6a-465e-b779-8e08f12cd236,04037601-38b8-467d-b7f4-516868138317,d26e217f-0d2b-49f7-8df8-f6a1b0fab1f1,2f2b594d-0ce7-4ae2-98ed-8347bf87dc92
cb718e6a-619b-4e9d-a649-01838cf4295a,04037601-38b8-467d-b7f4-516868138317,d26e217f-0d2b-49f7-8df8-f6a1b0fab1f1,5d072879-1843-48a5-8378-90b6fa7cad47
f6a5a9c7-a169-4a49-9d78-e0bc27333885,04037601-38b8-467d-b7f4-516868138317,d26e217f-0d2b-49f7-8df8-f6a1b0fab1f1,2eab7876-63d6-493d-aee6-d6f5093dee37
0fededda-cd6b-4de3-a487-ae099224315d,04037601-38b8-467d-b7f4-516868138317,d26e217f-0d2b-49f7-8df8-f6a1b0fab1f1,8db8f5ba-d4ef-4631-8440-b6d3645b0619
9f29adbd-0527-42da-b0c0-217db66b3516,04037601-38b8-467d-b7f4-516868138317,d26e217f-0d2b-49f7-8df8-f6a1b0fab1f1,92642b80-01dc-4ce9-bab4-4ecd86c8ec0b
0d61e2ae-51ea-45ed-b8c1-76fea7758ddf,04037601-38b8-467d-b7f4-516868138317,d26e217f-0d2b-49f7-8df8-f6a1b0fab1f1,7ed80995-d316-4f8e-810c-d81b5e24fff9
38b0f9de-ffea-4e8b-9025-c206d052c3a6,04037601-38b8-467d-b7f4-516868138317,200838d8-36a6-4d39-b5e1-c4afc0720cf6,0df49855-922c-40b2-8f6f-0af2f416c4ce
d2d9e82c-2e31-430b-891d-ef1cc5a5876a,04037601-38b8-467d-b7f4-516868138317,200838d8-36a6-4d39-b5e1-c4afc0720cf6,c3159584-f420-4f58-96dd-1d3d9a8e44fb
82750a4f-4fba-4902-add4-33e879ce8769,04037601-38b8-467d-b7f4-516868138317,200838d8-36a6-4d39-b5e1-c4afc0720cf6,8d4ff2f0-c9c3-4053-ac3e-496ed36790d8
c449e23b-d0d5-481a-8f5d-5509c7a6fb45,04037601-38b8-467d-b7f4-516868138317,200838d8-36a6-4d39-b5e1-c4afc0720cf6,582b66b7-5fa1-4de2-9b2e-1840b315875b
e90e15df-f514-4ce7-a408-59a61c91bf23,04037601-38b8-467d-b7f4-516868138317,200838d8-36a6-4d39-b5e1-c4afc0720cf6,46be4f5a-5ef6-4189-b6e1-9de0122ad9ac
36a238e0-f30f-4674-9078-789d75d508f0,04037601-38b8-467d-b7f4-516868138317,200838d8-36a6-4d39-b5e1-c4afc0720cf6,6d49aa18-07b2-4e0d-9e54-bfa430f0802f
d00b18ac-67c3-4964-89a8-06bb969e7d20,04037601-38b8-467d-b7f4-516868138317,200838d8-36a6-4d39-b5e1-c4afc0720cf6,832e58c8-c207-4caf-846d-6576c548b177
96da5bc8-090c-4a5f-b58b-3f751ffac800,04037601-38b8-467d-b7f4-516868138317,200838d8-36a6-4d39-b5e1-c4afc0720cf6,44050dfd-f517-4580-b956-5c77932aded0
61e0c0e1-4819-4961-b46d-0cf44a05cabe,04037601-38b8-467d-b7f4-516868138317,200838d8-36a6-4d39-b5e1-c4afc0720cf6,ae182472-047e-46d6-88d6-4ae34e45aef3
562d96bd-696e-412e-9c47-b74b6682dd68,04037601-38b8-467d-b7f4-516868138317,200838d8-36a6-4d39-b5e1-c4afc0720cf6,c05a081d-54bd-475f-a7e0-2637a05659db
cf287b02-5507-4ca4-a925-6817b5e1b102,04037601-38b8-467d-b7f4-516868138317,200838d8-36a6-4d39-b5e1-c4afc0720cf6,4c602c22-862b-4e74-9f35-9a409d625823
cafef110-e18a-46ed-b276-29b8971688a8,04037601-38b8-467d-b7f4-516868138317,200838d8-36a6-4d39-b5e1-c4afc0720cf6,a1b2c6f5-ceea-49a2-bc42-b4b1144fee99
f22b33f6-26d5-421d-ba61-b7a95c32706a,04037601-38b8-467d-b7f4-516868138317,200838d8-36a6-4d39-b5e1-c4afc0720cf6,0fb57e21-3b29-4613-80ec-d1fbb2fc51c8
f3520254-45dd-45f6-bb1e-647c3857baa5,04037601-38b8-467d-b7f4-516868138317,200838d8-36a6-4d39-b5e1-c4afc0720cf6,5ddb3c54-dc55-4f94-a52f-facc72a66dd7
1b5c870b-8c42-4d48-8247-96ff97144337,04037601-38b8-467d-b7f4-516868138317,200838d8-36a6-4d39-b5e1-c4afc0720cf6,ee3fa3f4-d2b2-4ef1-aa5c-bfb8dc4196ac
b02bc7bc-03ee-4d99-bb9d-0104c07b9fbb,04037601-38b8-467d-b7f4-516868138317,200838d8-36a6-4d39-b5e1-c4afc0720cf6,145a549a-9c83-4170-9b04-d5a664d828c1
bf3a15b7-f6ad-45bd-a31c-3ab3df1e1776,04037601-38b8-467d-b7f4-516868138317,200838d8-36a6-4d39-b5e1-c4afc0720cf6,8368e570-ee76-4e4c-83a7-33836cbdad29
ae540ab0-effe-4609-9d5e-0d5b7936d828,04037601-38b8-467d-b7f4-516868138317,200838d8-36a6-4d39-b5e1-c4afc0720cf6,683a52a3-a288-47b3-87c7-b783c743255e
b7699bfc-2823-4911-b603-375b65d2447e,04037601-38b8-467d-b7f4-516868138317,200838d8-36a6-4d39-b5e1-c4afc0720cf6,4c20ca06-e9e5-4d17-9e6a-47fe04a656c9
6f1492ca-4959-4410-b84c-b01d2294b75d,04037601-38b8-467d-b7f4-516868138317,200838d8-36a6-4d39-b5e1-c4afc0720cf6,6ee2ae74-11f6-486a-aba8-39fef85bbf25
90dfcc52-b0fe-4df7-b4e2-dddfc27edd5c,04037601-38b8-467d-b7f4-516868138317,200838d8-36a6-4d39-b5e1-c4afc0720cf6,a4048b81-6d0a-4805-90a5-7ad6c7b75d2e
7d8945d1-759a-4ffa-9cd0-9d1f4b3f4d8f,04037601-38b8-467d-b7f4-516868138317,200838d8-36a6-4d39-b5e1-c4afc0720cf6,e8a0358a-e4eb-4c8d-b45e-427024d6771b
252746ea-c192-49d6-93d0-eea81a98317a,04037601-38b8-467d-b7f4-516868138317,200838d8-36a6-4d39-b5e1-c4afc0720cf6,fb43915b-ad0c-4a86-8ab1-7a9f2a19bb5e
5d6e7395-9d7b-4e93-93c1-569a161aa6fd,04037601-38b8-467d-b7f4-516868138317,200838d8-36a6-4d39-b5e1-c4afc0720cf6,d9dc2e5d-5748-41fe-8a02-3366c45eac83
90b136cc-5729-4547-8096-4acb9eb1e184,04037601-38b8-467d-b7f4-516868138317,200838d8-36a6-4d39-b5e1-c4afc0720cf6,44598b86-d73f-47ca-af52-ac26ddf898e9
54bbcdb0-decf-40f0-8bc7-6a535d30cfea,04037601-38b8-467d-b7f4-516868138317,200838d8-36a6-4d39-b5e1-c4afc0720cf6,9986f9d2-0dfe-4b63-b94a-f9e1f2b0cca4
dc4420e5-59c8-4c5d-8a7c-21949ef7064a,04037601-38b8-467d-b7f4-516868138317,200838d8-36a6-4d39-b5e1-c4afc0720cf6,0e77af05-9047-4add-80b1-5319bab875f5
66ec58ae-4f8e-48a0-86e1-fe4b41de2146,04037601-38b8-467d-b7f4-516868138317,200838d8-36a6-4d39-b5e1-c4afc0720cf6,28df96f0-79e6-46b5-abd4-f22a2701800f
ac375c10-efaa-40e5-ab82-433a3d64ec8c,04037601-38b8-467d-b7f4-516868138317,200838d8-36a6-4d39-b5e1-c4afc0720cf6,53abe050-a00c-490d-90f2-4c37df286d6c
6f185ce1-572a-4a0b-9f87-891c577c4149,04037601-38b8-467d-b7f4-516868138317,200838d8-36a6-4d39-b5e1-c4afc0720cf6,e8e6f313-8b57-4e09-8d25-a738f17ed6c4
c23ea76d-e4e2-410c-a753-8428a382bd19,04037601-38b8-467d-b7f4-516868138317,e8384a57-b905-4412-8cbe-dca52926bb14,5f66c2c0-fde9-435c-9cb0-6dfd4ab78c3f
ad8cdf9c-1977-4f68-a505-3d28387ecefa,04037601-38b8-467d-b7f4-516868138317,e8384a57-b905-4412-8cbe-dca52926bb14,2bd935aa-ef35-4ab2-8ce0-890165e3cbd9
5584a54c-50b1-49b4-867c-4c63f43057c2,04037601-38b8-467d-b7f4-516868138317,e8384a57-b905-4412-8cbe-dca52926bb14,f77d7bd8-cc6c-47c9-9a47-b4fa4e04c2d9
2f6a88bd-fafd-44d6-9ae5-e9d13607a9d1,04037601-38b8-467d-b7f4-516868138317,e8384a57-b905-4412-8cbe-dca52926bb14,d698a8ef-0a4d-4bbe-b075-251abd04bf41
f3e5459e-04ae-4def-af1f-47236e6cb424,04037601-38b8-467d-b7f4-516868138317,e8384a57-b905-4412-8cbe-dca52926bb14,e55520ce-e614-43f6-9ebd-aaea7c495358
a50b891c-c235-484d-b86b-7d5323c9009e,04037601-38b8-467d-b7f4-516868138317,e8384a57-b905-4412-8cbe-dca52926bb14,8a3da8d9-ae8e-4701-9b55-fe3735f3dc9a
7aa9f56c-33e8-4400-87b6-e74dfa196466,04037601-38b8-467d-b7f4-516868138317,e8384a57-b905-4412-8cbe-dca52926bb14,f80a96d8-8e2a-4907-a531-2482cd740266
a7b83b2e-6367-4c7e-b61f-33ecc4804c90,04037601-38b8-467d-b7f4-516868138317,e8384a57-b905-4412-8cbe-dca52926bb14,3713ac42-1e5e-44e2-be47-295ea94bb7c4
543adcc7-6674-4a88-8d2f-3407d48e1fa2,04037601-38b8-467d-b7f4-516868138317,e8384a57-b905-4412-8cbe-dca52926bb14,65ed9d3f-b41c-4352-b2b3-a56453db83de
07bca99a-a360-45d9-a0b3-29143b44684a,04037601-38b8-467d-b7f4-516868138317,e8384a57-b905-4412-8cbe-dca52926bb14,52ee7c02-fc21-4511-bbfc-eb5a4eebf59f
3f6f0420-8e8a-4211-a80d-30c6be35a127,04037601-38b8-467d-b7f4-516868138317,e8384a57-b905-4412-8cbe-dca52926bb14,e5c5f26a-728d-4bc4-a856-74e8fe7f831d
f24ea672-e999-4d6f-8714-6f6bd26aa37b,04037601-38b8-467d-b7f4-516868138317,e8384a57-b905-4412-8cbe-dca52926bb14,6c7332d3-60de-420d-8df6-bc48ca524380
5a6f7855-98bb-43d0-abb5-739de8571be7,04037601-38b8-467d-b7f4-516868138317,e8384a57-b905-4412-8cbe-dca52926bb14,741f9229-fa17-46b2-a573-09ae38d315cc
a82bd982-bfb8-469e-b16d-0c638e830873,04037601-38b8-467d-b7f4-516868138317,e8384a57-b905-4412-8cbe-dca52926bb14,a13ca62a-d1d8-46f7-ab5a-97b9b0a6712e
04ed03a2-013a-406f-9a9c-77fb863a4ea0,04037601-38b8-467d-b7f4-516868138317,e8384a57-b905-4412-8cbe-dca52926bb14,fbe66387-cd02-4ae2-a3f2-b48a199e79af
b0755fd9-f3bf-499c-a4e1-8f114da12976,04037601-38b8-467d-b7f4-516868138317,e8384a57-b905-4412-8cbe-dca52926bb14,9c9deaf8-f5bc-4156-8f01-21fb8cde4711
9e0c1cbe-0ea5-48a8-9392-5aacacb5820b,04037601-38b8-467d-b7f4-516868138317,e8384a57-b905-4412-8cbe-dca52926bb14,74396942-54e1-46b7-bc3d-780f509295d2
f9e74ec9-bf06-43a0-92ee-7485069c6045,04037601-38b8-467d-b7f4-516868138317,e8384a57-b905-4412-8cbe-dca52926bb14,d2ff1f53-f0b6-4445-a23e-c74d95866662
750ac82d-c701-46fb-b001-c844f6e9db25,04037601-38b8-467d-b7f4-516868138317,e8384a57-b905-4412-8cbe-dca52926bb14,db56eea4-6401-451e-b019-3295fc8b85d8
18144623-f4b3-47d8-94b1-3cc1a0240631,04037601-38b8-467d-b7f4-516868138317,e8384a57-b905-4412-8cbe-dca52926bb14,80effac1-ae6a-4e42-a26a-e1e4838148ac
86405c04-8580-4ba2-b3e0-42cd0ccd85be,04037601-38b8-467d-b7f4-516868138317,e8384a57-b905-4412-8cbe-dca52926bb14,c4f854ba-315f-4abd-beb7-f8ad9e891070
08e2123d-7854-402c-a2c5-d310ea4e83d5,04037601-38b8-467d-b7f4-516868138317,e8384a57-b905-4412-8cbe-dca52926bb14,28d9456d-5a26-4226-879e-388e9b5c6b0b
32edb278-cec7-4fe2-96f7-953604048b21,04037601-38b8-467d-b7f4-516868138317,e8384a57-b905-4412-8cbe-dca52926bb14,7b969c5b-a016-44c0-b075-e21ecb9e8348
7ca47574-701d-4f2d-b2cf-71b52ca6fd74,04037601-38b8-467d-b7f4-516868138317,e8384a57-b905-4412-8cbe-dca52926bb14,2ea0a00a-0fdb-4d1b-97fa-245a28b2f055
88d1d76f-7e59-49b2-88d3-56156bf10b2b,04037601-38b8-467d-b7f4-516868138317,e8384a57-b905-4412-8cbe-dca52926bb14,0f379544-07ab-4635-8343-7ed5619e2c65
b52f138f-2593-4920-8105-f896dc1e6550,04037601-38b8-467d-b7f4-516868138317,e8384a57-b905-4412-8cbe-dca52926bb14,644aa6b6-7e38-44fd-9cd6-66025d952e16
9a6185f5-48d8-4696-a68c-6c7a61548f57,04037601-38b8-467d-b7f4-516868138317,e8384a57-b905-4412-8cbe-dca52926bb14,842ad298-87fa-421a-b687-6b1649d83405
f1b4ed09-2add-4774-96b3-d60470c81fd5,04037601-38b8-467d-b7f4-516868138317,e8384a57-b905-4412-8cbe-dca52926bb14,7843c37e-3f89-4178-bc3a-7bd369a58f34
4276f1d2-45a5-4dcb-8a1e-ddb61508bc28,04037601-38b8-467d-b7f4-516868138317,e8384a57-b905-4412-8cbe-dca52926bb14,32f5e6fc-710e-408d-881b-69e4eeca349a
2835b710-8551-4b4c-9a0f-fae8be3d4f02,04037601-38b8-467d-b7f4-516868138317,e8384a57-b905-4412-8cbe-dca52926bb14,252c6dce-24f6-4cf1-bc1a-005b16d350b2
4dd1deea-d1f3-4103-befc-551e9529aa86,04037601-38b8-467d-b7f4-516868138317,f63443b0-2293-4867-99b0-d92889a07149,e6968a28-91f3-4486-82eb-7bea66da23a4
418f80a4-975c-4d09-bd08-89c73bb0ffd7,04037601-38b8-467d-b7f4-516868138317,f63443b0-2293-4867-99b0-d92889a07149,7e773313-6539-46f7-8a2c-470a2e4e4edb
55ad677c-649f-4947-9013-d49d13c38eaf,04037601-38b8-467d-b7f4-516868138317,f63443b0-2293-4867-99b0-d92889a07149,1a6e9d58-006d-4155-a898-20f7c333a980
c74e54fc-5f9c-4453-b965-dfe1592660df,04037601-38b8-467d-b7f4-516868138317,f63443b0-2293-4867-99b0-d92889a07149,1ca297de-b1a3-4cb5-bd58-ea0b03141e6d
d8cf8a7d-1e3b-4cf9-803f-24d0c8e9be69,04037601-38b8-467d-b7f4-516868138317,f63443b0-2293-4867-99b0-d92889a07149,ebc9dd43-00a3-4f07-b8c5-e457e3349be0
f58d3335-d97b-467d-8a44-6ace59a5e68f,04037601-38b8-467d-b7f4-516868138317,f63443b0-2293-4867-99b0-d92889a07149,61aa5214-69d8-4c37-ba4e-f597574ca8b8
a07ae8fd-7299-49f7-9918-249156a36dce,04037601-38b8-467d-b7f4-516868138317,f63443b0-2293-4867-99b0-d92889a07149,ed051a85-a0d3-4e6b-ab1c-ca42f2b62df4
b64c78b9-2414-48f0-a43b-9994efbd62b1,04037601-38b8-467d-b7f4-516868138317,f63443b0-2293-4867-99b0-d92889a07149,099b81d4-0687-4f54-bdf5-8dfb4ebc7259
c20a2c2d-510b-4161-b7d9-d8602f99dac5,04037601-38b8-467d-b7f4-516868138317,f63443b0-2293-4867-99b0-d92889a07149,7610a36c-a74a-448b-9a88-9fff5c717dae
9b5d68aa-3230-4b14-817c-28e56040b7ac,04037601-38b8-467d-b7f4-516868138317,f63443b0-2293-4867-99b0-d92889a07149,80fc6a6b-a2a1-495b-9801-705bfb1889e1
a298aaa9-f17b-4d13-a3d8-fe70777de3c6,04037601-38b8-467d-b7f4-516868138317,f63443b0-2293-4867-99b0-d92889a07149,00e7f3e5-df89-46f9-b0b7-114ae0061729
1ea3210d-b70b-4e1f-a945-7dc9a6b9b3bb,04037601-38b8-467d-b7f4-516868138317,f63443b0-2293-4867-99b0-d92889a07149,169e7885-4b51-42e8-834e-5037530e4741
524b6c94-00f2-4fb6-83f8-b9d3eec2eb9f,04037601-38b8-467d-b7f4-516868138317,f63443b0-2293-4867-99b0-d92889a07149,de75c02e-feb9-4e6d-816c-147c71a6043a
6c467b01-8728-418e-87d7-ca31c5e67f03,04037601-38b8-467d-b7f4-516868138317,f63443b0-2293-4867-99b0-d92889a07149,bd5a369d-797e-4747-83dd-2227b937d920
cdfe333b-60c2-4f17-8515-3d3005df599c,04037601-38b8-467d-b7f4-516868138317,f63443b0-2293-4867-99b0-d92889a07149,d22c0682-d94b-426a-88f6-ffb3869c6da3
9b7dfb66-6fd1-43f6-8f03-8424c6b5b81a,04037601-38b8-467d-b7f4-516868138317,f63443b0-2293-4867-99b0-d92889a07149,d6e1c25d-1258-48e7-8df6-d1f565b80822
ab284f4c-43b2-47e8-84db-207c20b9ba65,04037601-38b8-467d-b7f4-516868138317,f63443b0-2293-4867-99b0-d92889a07149,40e4cd25-cbee-44dc-aeca-5d4ef3479b41
97c6b195-1f10-4f53-ac41-a29de3d93ffb,04037601-38b8-467d-b7f4-516868138317,f63443b0-2293-4867-99b0-d92889a07149,6068d66c-1887-4265-855b-cb90d44c55fc
3bfd8aed-46eb-452d-b12b-fd1d609c708f,04037601-38b8-467d-b7f4-516868138317,f63443b0-2293-4867-99b0-d92889a07149,bc99df60-5f14-434b-a3eb-53ff53fd8d3a
76de887c-1ff3-492f-b184-8ac497489ae6,04037601-38b8-467d-b7f4-516868138317,f63443b0-2293-4867-99b0-d92889a07149,81722351-1ab3-44b9-804e-a4bc512ac0ed
bf0a9423-14f2-4910-b46c-fcbf9ba2d992,04037601-38b8-467d-b7f4-516868138317,f63443b0-2293-4867-99b0-d92889a07149,15e0f6b2-f084-456e-9e3e-f276f8ddefb6
bbac65c9-c408-402c-b35a-6cdee48a4fdc,04037601-38b8-467d-b7f4-516868138317,f63443b0-2293-4867-99b0-d92889a07149,0708f96d-444b-4958-a087-94d3d8d0104e
d49c985f-8c6a-4535-a700-1cfcc9e071f6,04037601-38b8-467d-b7f4-516868138317,f63443b0-2293-4867-99b0-d92889a07149,4fbab43e-18ca-492c-8673-7ac060ff53fc
dd345c4b-4c29-4b69-be8e-cdd2b78e53a0,04037601-38b8-467d-b7f4-516868138317,f63443b0-2293-4867-99b0-d92889a07149,28681731-a2a2-4c8c-bfa8-8409bec8cda0
e59bdb2b-0eb5-40a9-8d53-e036e0ba1c2d,04037601-38b8-467d-b7f4-516868138317,f63443b0-2293-4867-99b0-d92889a07149,ec1e9675-c1b0-4b69-97db-4dc1d726bd01
54d0c7c4-5370-46e8-960b-59a16a4a233f,04037601-38b8-467d-b7f4-516868138317,f63443b0-2293-4867-99b0-d92889a07149,4f8825e4-7b6f-49f9-9b59-de2e414b2db8
3378a830-05e0-49f1-ba0a-28b40ed343c9,04037601-38b8-467d-b7f4-516868138317,f63443b0-2293-4867-99b0-d92889a07149,393c25c1-967d-4aa6-a84c-fd471f471342
5d7f8c4d-8f3a-4610-bc99-e9fd967d34f8,04037601-38b8-467d-b7f4-516868138317,f63443b0-2293-4867-99b0-d92889a07149,3ee07b46-1bd6-46f7-91bc-cd66b648a565
84bee1e0-f2bd-4d99-a0d5-fbb995402b85,04037601-38b8-467d-b7f4-516868138317,f63443b0-2293-4867-99b0-d92889a07149,753c3b2c-fad6-4dd7-a1d2-26496b7374db
95104787-1139-4a77-9384-b2e5095d89d2,04037601-38b8-467d-b7f4-516868138317,f63443b0-2293-4867-99b0-d92889a07149,899575a5-d2eb-4ea4-b0b3-2a3ae5ed593d
91dbb1cf-222e-426c-a453-907411b3fbd0,04037601-38b8-467d-b7f4-516868138317,05dd252b-f272-48f7-b371-ea95f243b93c,3c696382-2c77-48ad-a33e-af706b46f359
c726c4b8-a926-474e-9da0-7521df7e8c79,04037601-38b8-467d-b7f4-516868138317,05dd252b-f272-48f7-b371-ea95f243b93c,4f2b7783-0958-4fd8-8da7-5af7c14644f4
428c214f-e20a-4865-8e9d-7ead444fa23c,04037601-38b8-467d-b7f4-516868138317,05dd252b-f272-48f7-b371-ea95f243b93c,7401935a-188f-4d55-9c02-32eb857e0c5d
f4324b58-38d1-42cf-8545-0b6535ee372b,04037601-38b8-467d-b7f4-516868138317,05dd252b-f272-48f7-b371-ea95f243b93c,8e652176-e74b-49c5-af59-d2ea0aac7701
902b8685-334c-452c-8f53-4c9357ce821b,04037601-38b8-467d-b7f4-516868138317,05dd252b-f272-48f7-b371-ea95f243b93c,64a5db87-026b-4487-9e10-09db2552bdbd
b7612624-c9e1-4c26-8413-fbb6afa578ad,04037601-38b8-467d-b7f4-516868138317,05dd252b-f272-48f7-b371-ea95f243b93c,7c40b5d0-8867-4a48-91c6-e156cd662dba
8dd2f25d-fce8-4da8-9fcc-b0e978f35444,04037601-38b8-467d-b7f4-516868138317,05dd252b-f272-48f7-b371-ea95f243b93c,6ce4c813-39cf-4c4f-8672-ad7d149f4ab3
5c02f21b-5eae-492d-bcd1-c5950be225b6,04037601-38b8-467d-b7f4-516868138317,05dd252b-f272-48f7-b371-ea95f243b93c,5c3a73c9-2ef0-4a08-a9f7-98ddb00245b1
1df069b3-e444-4c69-979e-8dda017ebc44,04037601-38b8-467d-b7f4-516868138317,05dd252b-f272-48f7-b371-ea95f243b93c,1911f78d-7a56-4ae6-8a52-b765d92679f7
aa3e1d8c-f608-47a3-bbd5-c3db1e67c4f0,04037601-38b8-467d-b7f4-516868138317,05dd252b-f272-48f7-b371-ea95f243b93c,75442d53-f0ad-4a7d-b35a-3abb1921e34f
e29f9dcf-192e-4137-a13e-0e916b68e172,04037601-38b8-467d-b7f4-516868138317,05dd252b-f272-48f7-b371-ea95f243b93c,58938bc7-55f7-4d7d-8fb1-df7792307be1
0606439d-c7e3-49ae-81c7-73dc863db289,04037601-38b8-467d-b7f4-516868138317,05dd252b-f272-48f7-b371-ea95f243b93c,74a453fe-75e0-4eb3-b11f-e7f0bbf97bd0
269f6266-6dcf-4060-bb14-25503b11cc53,04037601-38b8-467d-b7f4-516868138317,05dd252b-f272-48f7-b371-ea95f243b93c,3bf6648e-59dc-4c67-a53e-f8fb8a96cc46
f33c353a-d108-4cdd-b9df-53c0b14923b0,04037601-38b8-467d-b7f4-516868138317,05dd252b-f272-48f7-b371-ea95f243b93c,9cf60ffa-0f38-4f29-a94b-ea381f7f9cf0
e19859a6-067b-4610-8316-ae1ea49b1c81,04037601-38b8-467d-b7f4-516868138317,05dd252b-f272-48f7-b371-ea95f243b93c,23e77d4f-ed26-4cf4-a9dd-d218c677f2c5
de2e73ef-9cab-4440-bcd0-c88851d50bf4,04037601-38b8-467d-b7f4-516868138317,05dd252b-f272-48f7-b371-ea95f243b93c,eddc0729-d177-44a7-af00-d436564b078b
22308330-86f4-4e70-96c5-69c0ecc8d2d3,04037601-38b8-467d-b7f4-516868138317,05dd252b-f272-48f7-b371-ea95f243b93c,afbb7c99-69b8-499d-b1bb-92d843ae54dc
d4a0aba6-892e-4a97-a5b0-99dc39b9121e,04037601-38b8-467d-b7f4-516868138317,05dd252b-f272-48f7-b371-ea95f243b93c,8bbdf56e-46be-4871-9bb7-5b5e74182279
0d58e654-0fd2-4309-9fdb-7b92339634ab,04037601-38b8-467d-b7f4-516868138317,05dd252b-f272-48f7-b371-ea95f243b93c,e9007497-f466-4236-b5b3-e93c5b5361a7
015e8f01-1e8d-44b1-b522-c759697ad439,04037601-38b8-467d-b7f4-516868138317,05dd252b-f272-48f7-b371-ea95f243b93c,d3674ae0-57a6-4cbd-8452-700f583af70f
80f1c315-b84d-464c-b5ac-4b25d15746f3,04037601-38b8-467d-b7f4-516868138317,05dd252b-f272-48f7-b371-ea95f243b93c,c7c821a9-e95c-48d5-94ae-310ac5e6f6c6
23c69542-1c6e-403c-87a0-5bc6267be9cf,04037601-38b8-467d-b7f4-516868138317,05dd252b-f272-48f7-b371-ea95f243b93c,d7d9353b-0777-41b8-a419-3edc9eca347f
90a91900-7748-4667-b282-fbadaf9a0b59,04037601-38b8-467d-b7f4-516868138317,05dd252b-f272-48f7-b371-ea95f243b93c,05b80b39-c94c-4c0f-8291-d07cb41855a1
4f416a33-1cfd-4a6d-a0d3-49e251021909,04037601-38b8-467d-b7f4-516868138317,05dd252b-f272-48f7-b371-ea95f243b93c,d34188ea-4c52-4ffd-a3d0-1838318fced8
ec9146d4-0b7d-400d-b3af-d2312bd06269,04037601-38b8-467d-b7f4-516868138317,05dd252b-f272-48f7-b371-ea95f243b93c,b1c3c499-d276-434d-99e0-40c962afb5aa
65107d1b-a5cc-4eb0-ac4c-4537dd9ed87f,04037601-38b8-467d-b7f4-516868138317,05dd252b-f272-48f7-b371-ea95f243b93c,d791bd17-ee5f-492a-82bf-4b74be12d686
95905f90-c35d-45f6-bde2-0d36cd800662,04037601-38b8-467d-b7f4-516868138317,05dd252b-f272-48f7-b371-ea95f243b93c,306fac3b-3b98-4e17-83e7-1fa975875fde
6ed0524e-9b38-43f4-8a7c-04c4e265057b,04037601-38b8-467d-b7f4-516868138317,05dd252b-f272-48f7-b371-ea95f243b93c,7d30e6de-55d3-4fe2-b4da-f54810afe0b1
fff653ad-7f2e-46b5-8b85-03506ae23c74,04037601-38b8-467d-b7f4-516868138317,05dd252b-f272-48f7-b371-ea95f243b93c,af456617-2197-41ac-a20b-a73637ab9a6b
97dc6a02-5f4e-40c1-aecd-32349cadd242,04037601-38b8-467d-b7f4-516868138317,05dd252b-f272-48f7-b371-ea95f243b93c,d1b2b02f-da32-4931-883a-bf88f6512cb2
eda86f4e-8e1b-4f91-b0bf-3c3cde3898d9,04037601-38b8-467d-b7f4-516868138317,13fccdb1-3cb2-4fda-a8ef-dc0422a7367c,f3f038b4-d388-4fe3-a2d9-c7db0b4a1185
69510eb9-703c-4adc-83cc-904484f165b1,04037601-38b8-467d-b7f4-516868138317,13fccdb1-3cb2-4fda-a8ef-dc0422a7367c,8c4dc1d5-6c64-4cc2-9dd8-fb53dcc4fd12
f6d3609f-57e9-4eed-aba5-02c556618aba,04037601-38b8-467d-b7f4-516868138317,13fccdb1-3cb2-4fda-a8ef-dc0422a7367c,60ad77c3-78c4-40fd-8736-62c812ffdf2f
9a435bf7-11ad-4e47-ab2b-cfab95dc55d3,04037601-38b8-467d-b7f4-516868138317,13fccdb1-3cb2-4fda-a8ef-dc0422a7367c,f60e3816-cdb1-4710-8709-b6fdc9cfda1c
b0d97cdf-1e78-41ad-8035-28171bb978fb,04037601-38b8-467d-b7f4-516868138317,13fccdb1-3cb2-4fda-a8ef-dc0422a7367c,ca629df6-04b6-44ea-af85-7383a6ae8884
f80abe86-e712-483c-920a-074bc26d3571,04037601-38b8-467d-b7f4-516868138317,13fccdb1-3cb2-4fda-a8ef-dc0422a7367c,4e2b11c5-0ea4-40e6-8f28-3e9f82d3595b
53bd0e1f-efd0-4f29-b719-1d6ad6d6a8b6,04037601-38b8-467d-b7f4-516868138317,13fccdb1-3cb2-4fda-a8ef-dc0422a7367c,ddc3ac81-0d4f-4493-8a74-d05af4c7b973
db4d61dd-d5e2-4c36-b080-5a0a261d8f95,04037601-38b8-467d-b7f4-516868138317,13fccdb1-3cb2-4fda-a8ef-dc0422a7367c,7bb6cede-e4b1-49c0-b824-21d961217353
220377a1-52d1-4659-9655-43871435800a,04037601-38b8-467d-b7f4-516868138317,13fccdb1-3cb2-4fda-a8ef-dc0422a7367c,5df4a70a-bbe5-492a-8c43-1c2eb5320adb
df97cde7-49f7-427e-818a-7d9cdbd05a9a,04037601-38b8-467d-b7f4-516868138317,13fccdb1-3cb2-4fda-a8ef-dc0422a7367c,ab943901-f6b2-4a66-9ca8-b65d9bb7c873
a5c1240d-ae47-4caf-9f5b-e08511176c1d,04037601-38b8-467d-b7f4-516868138317,13fccdb1-3cb2-4fda-a8ef-dc0422a7367c,80fbe06d-1fc9-41c0-88ad-0d6f259e61e7
daf9ef37-81c2-4482-88f8-4f7506b91ce1,04037601-38b8-467d-b7f4-516868138317,13fccdb1-3cb2-4fda-a8ef-dc0422a7367c,4d579bc0-6ad0-4f97-b3b1-69671773e9b7
2ae0b1e0-b636-4c2e-b5c8-ea0d3964a36f,04037601-38b8-467d-b7f4-516868138317,13fccdb1-3cb2-4fda-a8ef-dc0422a7367c,ec82dfc2-5741-4e2b-bad6-6f17795fece0
b49d961c-070e-4011-a5f1-461158889acb,04037601-38b8-467d-b7f4-516868138317,13fccdb1-3cb2-4fda-a8ef-dc0422a7367c,22efb194-fe62-4bb2-86cb-4d2c7a22fc71
e21608f8-4045-4c55-b577-faca2bf29a21,04037601-38b8-467d-b7f4-516868138317,13fccdb1-3cb2-4fda-a8ef-dc0422a7367c,7bdcb44f-679f-4d59-ab9a-fe5a07d3241f
f9e6cf8f-c01e-49e1-a557-df2123d61182,04037601-38b8-467d-b7f4-516868138317,13fccdb1-3cb2-4fda-a8ef-dc0422a7367c,4eba4eb1-f0b9-47e9-b00b-5ae9853d7e0c
6668ec28-e6ce-4508-a8f0-71b29cf9bb58,04037601-38b8-467d-b7f4-516868138317,13fccdb1-3cb2-4fda-a8ef-dc0422a7367c,9df68cbb-03d1-41fa-b62d-dcdea2e675eb
3b1e1449-e1b5-4ec8-aec0-49e4c8e0a0e4,04037601-38b8-467d-b7f4-516868138317,13fccdb1-3cb2-4fda-a8ef-dc0422a7367c,b68e53ba-e1be-4c7b-a574-4dfc74794943
ac9aac4b-89f5-4e38-afce-92ff19908665,04037601-38b8-467d-b7f4-516868138317,13fccdb1-3cb2-4fda-a8ef-dc0422a7367c,41a2264b-878e-49ea-b9e4-53c142751256
6aa6e12c-0fa2-4101-a8a0-d71fea1bf752,04037601-38b8-467d-b7f4-516868138317,13fccdb1-3cb2-4fda-a8ef-dc0422a7367c,8accf41c-d04e-4ae4-8c92-a477d80bcba5
db1baeca-f97a-4df3-a2df-b970e38e1093,04037601-38b8-467d-b7f4-516868138317,13fccdb1-3cb2-4fda-a8ef-dc0422a7367c,5d413edc-09fb-4dc9-a322-3e7b4e660e0b
8a352156-e565-4994-a015-a81bec27e2ee,04037601-38b8-467d-b7f4-516868138317,13fccdb1-3cb2-4fda-a8ef-dc0422a7367c,ebf0fec9-6de7-4c81-bd5e-fc91e5431b25
4d862072-115b-4889-86f1-d2c6c9991d10,04037601-38b8-467d-b7f4-516868138317,13fccdb1-3cb2-4fda-a8ef-dc0422a7367c,d827b524-a856-4361-802b-7d18fa1aa308
bd40dbdd-599e-45a9-b90c-ac4eb42ff287,04037601-38b8-467d-b7f4-516868138317,13fccdb1-3cb2-4fda-a8ef-dc0422a7367c,090ac0e0-35a1-4fd9-91e6-6874f298687a
26a8b234-6002-4799-9e0c-255b51f32613,04037601-38b8-467d-b7f4-516868138317,13fccdb1-3cb2-4fda-a8ef-dc0422a7367c,13eaf8cb-1fa9-4e10-800b-7e247558300e
8432d2b8-5469-4b47-96e2-78463671c2e9,04037601-38b8-467d-b7f4-516868138317,13fccdb1-3cb2-4fda-a8ef-dc0422a7367c,94f9d8f2-60ef-4ef6-9ff9-80d227b97ede
687facd5-0900-49b2-a956-618f6fce2fbf,04037601-38b8-467d-b7f4-516868138317,13fccdb1-3cb2-4fda-a8ef-dc0422a7367c,f018878a-5fee-401a-a742-15d875aec0f9
e0a89b29-0e69-4a26-87eb-1b3232a6a64c,04037601-38b8-467d-b7f4-516868138317,13fccdb1-3cb2-4fda-a8ef-dc0422a7367c,cfb42c4d-b5c2-4ec6-848a-d6ba2dde1404
